Rk,Lg,Season,Count,Player List
1,ALNL,1930,76,Sparky Adams Dale Alexander Earl Averill Dick Bartell Wally Berger Del Bissonette Jim Bottomley Ben Chapman Mickey Cochrane Earle Combs Adam Comorosky Joe Cronin Tony Cuccinello Kiki Cuyler Virgil Davis Bill Dickey Taylor Douthit Jimmy Dykes Woody English Jimmie Foxx Johnny Frederick Bernie Friberg Frankie Frisch Lou Gehrig Charlie Gehringer Charlie Gelbert Goose Goslin George Grantham Chick Hafey Gabby Hartnett Harry Heilmann Babe Herman Johnny Hodapp Shanty Hogan Don Hurst Travis Jackson Charlie Jamieson Smead Jolley Joe Judge Chuck Klein Red Kress Tony Lazzeri Freddy Leach Freddie Lindstrom Al López Heinie Manush Marty McManus Bing Miller Ed Morgan Buddy Myer Lefty O'Doul Mel Ott Dick Porter Carl Reynolds Harry Rice Sam Rice Lance Richbourg Babe Ruth Al Simmons George Sisler Al Spohrer Riggs Stephenson John Stone Joe Stripp Bill Terry Pie Traynor Curt Walker Paul Waner George Watkins Johnny Watwood Earl Webb Sam West Pinky Whitney Hack Wilson Jimmie Wilson Glenn Wright
2,ALNLNNL,1921,70,Dave Bancroft Walter Barbare Turner Barber Johnny Bassler Carson Bigbee Lu Blue Tony Boeckel Rube Bressler Max Carey George Carr Verne Clemons Ty Cobb Eddie Collins Walton Cruise Jake Daubert Pat Duncan Max Flack Jack Fournier Frankie Frisch Larry Gardner Patsy Gharrity Tommy Griffith Ray Grimes Harry Heilmann Crush Holloway Harry Hooper Rogers Hornsby Baby Doll Jacobson Charlie Jamieson Jimmy Johnston Bob Jones Joe Judge George Kelly Nemo Leibold George Maisel Austin McHenry Stuffy McInnis Hurley McNair Mike Menosky Bob Meusel Irish Meusel Johnny Mostil Steve O'Neill Ray Powell Del Pratt Sam Rice Edd Roush Babe Ruth Wally Schang Hank Severeid Joe Sewell Howie Shanks Earl Sheely George Sisler Jack Smith Frank Snyder Billy Southworth Tris Speaker Milt Stock Amos Strunk Ben Taylor Jack Tobin Bobby Veach Tillie Walker Aaron Ward Zack Wheat Ken Williams Cy Williams Whitey Witt Ross Youngs
3,ALNL,2000,70,Bobby Abreu Edgardo Alfonzo Roberto Alomar Moisés Alou Jeff Bagwell Barry Bonds Adrian Brown Ellis Burks Sean Casey Luis Castillo Jeff Cirillo Will Clark Greg Colbrunn Deivi Cruz Johnny Damon Carlos Delgado Jermaine Dye Darin Erstad Carl Everett Darrin Fletcher Cliff Floyd Jeff Frye Travis Fryman Andrés Galarraga Nomar Garciaparra Jason Giambi Brian Giles Luis Gonzalez Vladimir Guerrero Jeffrey Hammonds Todd Helton Richard Hidalgo Bobby Higginson Geoff Jenkins Derek Jeter Charles Johnson Chipper Jones Andruw Jones Gabe Kapler Jason Kendall Jeff Kent Corey Koskie Barry Larkin Matt Lawton Carlos Lee Edgar Martínez Brent Mayne Mitch Meluskey Phil Nevin Alex Ochoa Magglio Ordóñez Orlando Palmeiro Herbert Perry Mike Piazza Plácido Polanco Manny Ramírez Joe Randa Álex Rodríguez David Segui Gary Sheffield Sammy Sosa Bill Spiers Shannon Stewart Chris Stynes Mike Sweeney Frank Thomas José Vidro Fernando Viña Bernie Williams Dmitri Young
4,ALNL,1999,68,Bobby Abreu Edgardo Alfonzo Roberto Alomar Garret Anderson Alex Arias Jeff Bagwell Harold Baines Homer Bush Sean Casey Luis Castillo Roger Cedeño Jeff Cirillo Johnny Damon Shawon Dunston Carl Everett Tony Fernández Nomar Garciaparra Jason Giambi Brian Giles Doug Glanville Luis Gonzalez Juan González Mark Grace Shawn Green Rusty Greer Mark Grudzielanek Vladimir Guerrero Tony Gwynn Darryl Hamilton Lenny Harris Todd Helton Rickey Henderson Geoff Jenkins Derek Jeter Chipper Jones Eric Karros Corey Koskie Ray Lankford Mike Lieberthal Kenny Lofton Edgar Martínez Brent Mayne Fred McGriff Dave Nilsson Alex Ochoa Magglio Ordóñez Rafael Palmeiro Mike Piazza Manny Ramírez Joe Randa Henry Rodríguez Iván Rodríguez Gary Sheffield Chris Singleton Shannon Stewart B.J. Surhoff Mike Sweeney Ed Taubensee Frank Thomas Randy Velarde Robin Ventura José Vidro Omar Vizquel Larry Walker Rondell White Matt Williams Bernie Williams Dmitri Young
5,ALNL,1929,66,Dale Alexander Earl Averill Dick Bartell Jim Bottomley Rube Bressler Mickey Cochrane Earle Combs Adam Comorosky Kiki Cuyler Bill Dickey Taylor Douthit Jimmy Dykes Bibb Falk Lew Fonseca Bob Fothergill Jimmie Foxx Johnny Frederick Bernie Friberg Frankie Frisch Lou Gehrig Charlie Gehringer Wally Gilbert George Grantham Mule Haas Chick Hafey Harry Heilmann Harvey Hendrick Babe Herman Shanty Hogan Rogers Hornsby Don Hurst Roy Johnson Joe Judge Chuck Klein Red Kress Tony Lazzeri Freddie Lindstrom Heinie Manush Bing Miller Buddy Myer Lefty O'Doul Ernie Orsatti Mel Ott Carl Reynolds Harry Rice Sam Rice Lance Richbourg Jack Rothrock Edd Roush Babe Ruth Fred Schulte Joe Sewell Art Shires Al Simmons George Sisler Riggs Stephenson Evar Swanson Bill Terry Fresco Thompson Pie Traynor Curt Walker Paul Waner Lloyd Waner Pinky Whitney Hack Wilson Jimmie Wilson
6,ALNLNNL,1922,63,Dave Bancroft Johnny Bassler Carson Bigbee Lu Blue George Burns Max Carey Oscar Charleston Ty Cobb Eddie Collins Jake Daubert Pat Duncan Frankie Frisch Chick Galloway Johnny Gooch Goose Goslin Bert Griffith Ray Grimes George Harper Joe Harris Joe Hauser Harry Heilmann Butch Henline Charlie Hollocher Harry Hooper Rogers Hornsby Baby Doll Jacobson Charlie Jamieson Jimmy Johnston George Kelly Cliff Lee Stuffy McInnis Marty McManus Bob Meusel Irish Meusel Hack Miller Bing Miller Johnny Mostil Hi Myers Bob O'Farrell Steve O'Neill Babe Pinelli Wally Pipp Del Pratt Topper Rigney Babe Ruth Wally Schang Joe Schultz Hank Severeid Earl Sheely George Sisler Jack Smith Frank Snyder Tris Speaker Milt Stock Cotton Tierney Jack Tobin George Toporcer Bobby Veach Curt Walker Zack Wheat Ken Williams Cy Williams Ross Youngs
7,ALNL,1925,62,Dave Bancroft Clyde Barnhart Ray Blades Lu Blue Ike Boone Jim Bottomley Eddie Brown George Burns Dick Burrus Max Carey Ty Cobb Mickey Cochrane Eddie Collins Earle Combs Dick Cox Kiki Cuyler Jimmy Dykes Bibb Falk Gus Felix Lew Fonseca Jack Fournier Frankie Frisch Goose Goslin George Grantham Charlie Grimm Sammy Hale George Harper Joe Harris Chicken Hawks Harry Heilmann Rogers Hornsby Baby Doll Jacobson Joe Judge George Kelly Bill Lamar Pat McNulty Irish Meusel Bing Miller Doc Prothro Harry Rice Sam Rice Edd Roush Muddy Ruel Joe Sewell Earl Sheely Al Simmons George Sisler Earl Smith Tris Speaker Milt Stock Zack Taylor Bill Terry Pie Traynor Ernest Vache Curt Walker Jimmy Welsh Zack Wheat Ken Williams Cy Williams Jimmie Wilson Al Wingo Glenn Wright
8,ALNL,1996,60,Roberto Alomar Jeff Bagwell Harold Baines Albert Belle Dante Bichette Wade Boggs Barry Bonds Scott Brosius Ellis Burks Ken Caminiti Vinny Castilla Jeff Cirillo Marty Cordova Mariano Duncan Jim Edmonds Jim Eisenreich Julio Franco Andrés Galarraga Bernard Gilkey Juan González Mark Grace Rusty Greer Ken Griffey Jr. Marquis Grissom Mark Grudzielanek Tony Gwynn Bobby Higginson John Jaha Reggie Jefferson Derek Jeter Lance Johnson Chipper Jones Brian Jordan Jason Kendall Chuck Knoblauch Kenny Lofton Al Martin Dave Martinez Edgar Martínez Willie McGee Mark McGwire Paul Molitor Hal Morris Dave Nilsson Paul O'Neill José Offerman Mike Piazza Manny Ramírez Joe Randa Édgar Rentería Álex Rodríguez Iván Rodríguez Kevin Seitzer Gary Sheffield Frank Thomas Jim Thome Mo Vaughn Matt Williams Bernie Williams Eric Young Sr.
9,ALNL,1927,59,Clyde Barnhart Joe Boley Jim Bottomley Eddie Brown George Burns Bud Clancy Ty Cobb Mickey Cochrane Earle Combs Jimmy Dykes Bibb Falk Doc Farrell Lew Fonseca Bob Fothergill Walt French Frankie Frisch Lou Gehrig Charlie Gehringer Goose Goslin George Grantham Charlie Grimm Chick Hafey Sammy Hale Bubbles Hargrave George Harper Joe Harris Harry Heilmann Harvey Hendrick Andy High Rogers Hornsby Travis Jackson Charlie Jamieson Joe Judge Tony Lazzeri Freddy Leach Freddie Lindstrom Alex Metzler Bob Meusel Bing Miller Eddie Moore Lance Richbourg Edd Roush Muddy Ruel Babe Ruth Joe Sewell Al Simmons George Sisler Tris Speaker Riggs Stephenson Bill Terry Fresco Thompson Jack Tobin Pie Traynor Paul Waner Lloyd Waner Earl Webb Ken Williams Hack Wilson Russ Wrightstone
10,ALNL,1995,58,Roberto Alomar Garret Anderson Carlos Baerga Derek Bell Albert Belle Sean Berry Dante Bichette Craig Biggio Wade Boggs Bobby Bonilla Brett Butler Ken Caminiti José Canseco Mark Carreon Vinny Castilla Will Clark Jeff Conine Chili Davis Jim Eisenreich Mark Grace Tony Gwynn Rickey Henderson Thomas Howard Gregg Jefferies Lance Johnson Wally Joyner Ryan Klesko Chuck Knoblauch Barry Larkin Kenny Lofton Javy López John Mabry Dave Magadan Dave Martinez Edgar Martínez Orlando Merced Pedro Muñoz Eddie Murray Tim Naehring Troy O'Leary Paul O'Neill Rafael Palmeiro Mike Piazza Kirby Puckett Manny Ramírez Iván Rodríguez Tim Salmon Reggie Sanders David Segui Kevin Seitzer B.J. Surhoff Frank Thomas Jim Thome John Vander Wal Mo Vaughn Larry Walker Bernie Williams Eric Young Sr.
11,ALNL,1923,56,Dave Bancroft Clyde Barnhart Jim Bottomley George Burns Max Carey Ty Cobb Eddie Collins Pat Duncan Ira Flagstead Bob Fothergill Jack Fournier Bernie Friberg Frankie Frisch Goose Goslin Charlie Grimm Bubbles Hargrave Joe Harris Joe Hauser Harry Heilmann Butch Henline Walter Holke Rogers Hornsby Baby Doll Jacobson Charlie Jamieson Jimmy Johnston Joe Judge George Kelly Cliff Lee Heinie Manush Stuffy McInnis Marty McManus Bob Meusel Hack Miller Johnny Mokan Bob O'Farrell Wally Pipp Del Pratt Sam Rice Topper Rigney Edd Roush Muddy Ruel Babe Ruth Hank Severeid Joe Sewell Jack Smith Billy Southworth Tris Speaker Arnold Statz Homer Summa Cotton Tierney Jack Tobin Pie Traynor Bobby Veach Ken Williams Whitey Witt Ross Youngs
12,ALNL,1924,56,Johnny Bassler Ray Blades Lu Blue Ike Boone Jim Bottomley Rube Bressler Eddie Brown George Burns Ty Cobb Eddie Collins Hughie Critz Kiki Cuyler Joe Dugan Jimmy Dykes Bibb Falk Ira Flagstead Jack Fournier Frankie Frisch Goose Goslin George Grantham Joe Harris Cliff Heathcote Harry Heilmann Andy High Walter Holke Harry Hooper Rogers Hornsby Travis Jackson Baby Doll Jacobson Charlie Jamieson Joe Judge George Kelly Marty McManus Bob Meusel Irish Meusel Bing Miller Johnny Mostil Glenn Myatt Babe Pinelli Del Pratt Sam Rice Gene Robertson Edd Roush Babe Ruth Hank Severeid Joe Sewell Earl Sheely Al Simmons George Sisler Frank Snyder Tris Speaker Zack Wheat Ken Williams Cy Williams Russ Wrightstone Ross Youngs
13,ALNL,1934,56,Ethan Allen Luke Appling Earl Averill Dick Bartell Zeke Bonura Buzz Boyle Ben Chapman Lou Chiozza Mickey Cochrane Ripper Collins Doc Cramer Kiki Cuyler Virgil Davis Bill Dickey Jimmie Foxx Frankie Frisch Lou Gehrig Charlie Gehringer Goose Goslin Hank Greenberg Odell Hale Rollie Hemsley Billy Herman Babe Herman Pinky Higgins Bob Johnson Roy Johnson Buck Jordan Chuck Klein Bill Knickerbocker Len Koenecke Sam Leslie Ernie Lombardi Heinie Manush Joe Medwick Johnny Moore Jo-Jo Moore Buddy Myer Ernie Orsatti Mel Ott Marv Owen Carl Reynolds Al Simmons Tuck Stainback John Stone Joe Stripp Bill Terry Cecil Travis Pie Traynor Hal Trosky Arky Vaughan Joe Vosmik Paul Waner Billy Werber Sam West Jo-Jo White
14,ALNL,1998,56,Bobby Abreu Moisés Alou Jeff Bagwell Harold Baines Derek Bell Albert Belle Marvin Benard Sean Berry Dante Bichette Craig Biggio Barry Bonds Scott Brosius Mike Caruso Vinny Castilla Jeff Cirillo Will Clark Eric Davis Jim Edmonds Tony Fernández Andrés Galarraga Nomar Garciaparra Juan González Mark Grace Rusty Greer Vladimir Guerrero Tony Gwynn Darryl Hamilton Todd Helton Glenallen Hill Gregg Jefferies Derek Jeter Chipper Jones Brian Jordan Jason Kendall Barry Larkin Mark Loretta Edgar Martínez Hal Morris Paul O'Neill José Offerman John Olerud Mike Piazza Álex Rodríguez Iván Rodríguez Tim Salmon Kevin Sefcik David Segui Gary Sheffield Sammy Sosa Mo Vaughn Fernando Viña Todd Walker Larry Walker Gerald Williams Bernie Williams Dmitri Young
15,ALNL,2006,56,Garrett Atkins Rich Aurilia Josh Bard Michael Barrett Lance Berkman Miguel Cabrera Robinson Canó Jamey Carroll Frank Catalanotto Endy Chávez Jeff Cirillo Carl Crawford Matt Diaz Jermaine Dye Johnny Estrada Andre Ethier Rafael Furcal Nomar Garciaparra Esteban Germán Adrián González Vladimir Guerrero Carlos Guillén Travis Hafner Wes Helms Todd Helton Matt Holliday Ryan Howard Derek Jeter Reed Johnson Chipper Jones Paul Konerko Mike Lamb Carlos Lee Paul Lo Duca Kenny Lofton Victor Martinez Gary Matthews Joe Mauer Brian McCann Justin Morneau Lyle Overbay Ronny Paulino Albert Pujols Manny Ramírez José Reyes Álex Ríos Juan Rivera John Rodriguez Iván Rodríguez Freddy Sánchez Ichiro Suzuki Miguel Tejada Chase Utley Vernon Wells David Wright Michael Young
16,ALNL,1931,55,Dale Alexander Buzz Arlett Earl Averill Wally Berger Lu Blue Jim Bottomley Johnny Burnett Ben Chapman Mickey Cochrane Earle Combs Joe Cronin Tony Cuccinello Kiki Cuyler Virgil Davis Bill Dickey Woody English Rick Ferrell Lew Fonseca Frankie Frisch Lou Gehrig Charlie Gehringer Goose Goslin George Grantham Charlie Grimm Mule Haas Chick Hafey Harvey Hendrick Babe Herman Shanty Hogan Rogers Hornsby Don Hurst Travis Jackson Chuck Klein Red Kress Freddy Leach Les Mallon Heinie Manush Pepper Martin Oscar Melillo Ed Morgan Lefty O'Doul Dick Porter Sam Rice Babe Ruth Fred Schulte Joe Sewell Al Simmons John Stone Joe Stripp Bill Terry Joe Vosmik Paul Waner Lloyd Waner Earl Webb Sam West
17,ALNL,1928,54,Ethan Allen Red Barnes Max Bishop Del Bissonette Jim Bottomley Earle Combs Bob Fothergill Jimmie Foxx Frankie Frisch Lou Gehrig Charlie Gehringer Goose Goslin George Grantham Chick Hafey Gabby Hartnett Harry Heilmann Harvey Hendrick Babe Herman Johnny Hodapp Shanty Hogan Rogers Hornsby Charlie Jamieson Joe Judge Willie Kamm Mark Koenig Tony Lazzeri Freddy Leach Freddie Lindstrom Heinie Manush Alex Metzler Bing Miller Buddy Myer Lefty O'Doul Mel Ott Andy Reese Bobby Reeves Harry Rice Sam Rice Lance Richbourg Babe Ruth Joe Sewell Al Simmons George Sisler Riggs Stephenson Bill Terry Pie Traynor Paul Waner Lloyd Waner Jimmy Welsh Sam West Pinky Whitney Ken Williams Hack Wilson Glenn Wright
18,NL,1894,53,Charlie Abbey Jimmy Bannon Jake Beckley Lou Bierbauer Jack Boyle Steve Brodie Dan Brouthers Eddie Burke Jesse Burkett Thomas Burns Cupid Childs Roger Connor Tommy Corcoran Lave Cross Bill Dahlen Tom Daly George Davis Ed Delahanty Patsy Donovan Jack Doyle Hugh Duffy Bones Ely Mike Griffin Bill Hallman Billy Hamilton Bill Hassamaer Bug Holliday Billy Hoy Hughie Jennings Willie Keeler Joe Kelley Bill Lange Arlie Latham Herman Long Bobby Lowe Tommy McCarthy John McGraw Deacon McGuire Ed McKean Bid McPhee George Miller Fred Pfeffer Henry Reitz Wilbert Robinson Jimmy Ryan Elmer Smith Jake Stenzel Patsy Tebeau Sam Thompson George Treadway Tommy Tucker George Van Haltren Walt Wilmot
19,ALNL,1936,52,Luke Appling Earl Averill Beau Bell Zeke Bonura Frenchy Bordagaray Dolph Camilli Ben Chapman Harlond Clift Tony Cuccinello Kiki Cuyler Frank Demaree Bill Dickey Joe DiMaggio Rick Ferrell Lou Finney Jimmie Foxx Lou Gehrig Charlie Gehringer Goose Goslin Odell Hale Gabby Hartnett Buddy Hassett Jackie Hayes Billy Herman Buck Jordan Chuck Klein Mike Kreevich Joe Kuhel Ernie Lombardi Gus Mancuso Pepper Martin Joe Medwick Johnny Mize Johnny Moore Jo-Jo Moore Wally Moses Mel Ott Babe Phelps Rip Radcliff Red Rolfe Les Scarsella George Selkirk Al Simmons John Stone Joe Stripp Gus Suhr Cecil Travis Hal Trosky Arky Vaughan Gee Walker Paul Waner Lloyd Waner
20,ALNL,2001,52,Roberto Alomar Moisés Alou Rich Aurilia Danny Bautista Carlos Beltrán Lance Berkman Barry Bonds Bret Boone Sean Casey Frank Catalanotto Jeff Cirillo Jeff Conine Marty Cordova J.D. Drew Jim Edmonds Cliff Floyd Jason Giambi Brian Giles Luis Gonzalez Juan González Vladimir Guerrero Cristian Guzmán Todd Helton Derek Jeter Chipper Jones Paul Lo Duca Edgar Martínez Fred McGriff Doug Mientkiewicz Kevin Millar Phil Nevin John Olerud Magglio Ordóñez Mike Piazza Juan Pierre Plácido Polanco Albert Pujols Manny Ramírez Aramis Ramírez Desi Relaford Álex Rodríguez Iván Rodríguez Gary Sheffield Sammy Sosa Shannon Stewart Ichiro Suzuki Mike Sweeney José Vidro Fernando Viña Larry Walker Bernie Williams Dmitri Young
21,ALNL,1926,51,Sparky Adams Dave Bancroft Bill Barrett Les Bell Ray Blades Eddie Brown George Burns Walter Christensen Eddie Collins Kiki Cuyler Taylor Douthit Bibb Falk Bob Fothergill Walt French Frankie Frisch Lou Gehrig Goose Goslin George Grantham Bubbles Hargrave Harry Heilmann Babe Herman Rogers Hornsby Travis Jackson George Kelly Freddy Leach Freddie Lindstrom Heinie Manush Earl McNeely Bob Meusel Bing Miller Johnny Mokan Johnny Mostil Buddy Myer Harry Rice Sam Rice Edd Roush Babe Ruth Wally Schang Joe Sewell Al Simmons Earl Smith Billy Southworth Tris Speaker Homer Summa Pie Traynor Curt Walker Paul Waner Cy Williams Hack Wilson Glenn Wright Russ Wrightstone
22,ALNL,1937,50,Ethan Allen Luke Appling Dick Bartell Beau Bell Zeke Bonura Dolph Camilli Bruce Campbell Harlond Clift Doc Cramer Joe Cronin Frank Demaree Bill Dickey Joe DiMaggio Pete Fox Lou Gehrig Charlie Gehringer Hank Greenberg Gabby Hartnett Buddy Hassett Billy Herman Pinky Higgins Myril Hoag Bob Johnson Chuck Klein Mike Kreevich Buddy Lewis Ernie Lombardi Heinie Manush Joe Medwick Johnny Mize Jo-Jo Moore Wally Moses Don Padgett Babe Phelps Frankie Pytlak Rip Radcliff Jimmy Ripple Moose Solters John Stone Al Todd Cecil Travis Arky Vaughan Joe Vosmik Gee Walker Dixie Walker Paul Waner Lloyd Waner Sam West Pinky Whitney Rudy York
23,ALNL,1993,50,Roberto Alomar Carlos Baerga Jeff Bagwell Harold Baines Jay Bell Dante Bichette Jeff Blauser Wade Boggs Barry Bonds Phil Clark Lenny Dykstra Jim Eisenreich Travis Fryman Andrés Galarraga Bernard Gilkey Luis Gonzalez Juan González Mark Grace Mike Greenwell Ken Griffey Jr. Chris Gwynn Tony Gwynn Darryl Hamilton Brian Harper Charlie Hayes Chris Hoiles Dion James Gregg Jefferies Lance Johnson John Kruk Barry Larkin Kenny Lofton Willie McGee Orlando Merced Paul Molitor Hal Morris Paul O'Neill John Olerud Mike Pagliarulo Tony Phillips Mike Piazza Tim Raines Ryne Sandberg Don Slaught Dwight Smith Mike Stanley Frank Thomas Robby Thompson Alan Trammell Rick Wilkins
24,ALNL,1939,48,Luke Appling Morrie Arnovich Zeke Bonura George Case Doc Cramer Joe Cronin Harry Danning Frank Demaree Bill Dickey Joe DiMaggio Bobby Doerr Lou Finney Jimmie Foxx Augie Galan Charlie Gehringer Ival Goodman Hank Greenberg Odell Hale Buddy Hassett Billy Herman Bob Johnson Charlie Keller Ken Keltner Mike Kreevich Joe Kuhel Chet Laabs Cookie Lavagetto Hank Leiber Buddy Lewis Frank McCormick Barney McCosky Eric McNair George McQuinn Joe Medwick Dee Miles Johnny Mize Wally Moses Mel Ott Red Rolfe George Selkirk Enos Slaughter Gus Suhr Hal Trosky Arky Vaughan Paul Waner Ted Williams Taffy Wright Rudy York
25,ALNL,2003,48,Bobby Abreu Garret Anderson Carlos Baerga Carlos Beltrán Hank Blalock Barry Bonds Milton Bradley Marlon Byrd Luis Castillo Álex Cintrón Carlos Delgado Andrés Galarraga Nomar Garciaparra Marcus Giles Luis Gonzalez Marquis Grissom Mark Grudzielanek Vladimir Guerrero José Guillén Todd Helton Richard Hidalgo Aubrey Huff Derek Jeter Jacque Jones Chipper Jones Jason Kendall Mike Lieberthal Javy López Mark Loretta Luis Matos Doug Mientkiewicz Bill Mueller Greg Myers Trot Nixon Magglio Ordóñez Jay Payton Juan Pierre A.J. Pierzynski Scott Podsednik Albert Pujols Manny Ramírez Édgar Rentería Gary Sheffield Shannon Stewart Ichiro Suzuki José Vidro Vernon Wells Michael Young
26,ALNL,2007,48,Garrett Atkins Ryan Braun Marlon Byrd Miguel Cabrera Orlando Cabrera Robinson Canó Luis Castillo Carl Crawford Matt Diaz David Eckstein Chone Figgins Curtis Granderson Mark Grudzielanek Vladimir Guerrero Scott Hatteberg Todd Helton Matt Holliday Norris Hopper Derek Jeter Chipper Jones Jeff Kent Carlos Lee Derrek Lee Mike Lowell Nick Markakis Victor Martinez Magglio Ordóñez David Ortiz Dustin Pedroia Hunter Pence Plácido Polanco Jorge Posada Albert Pujols Hanley Ramírez Aramis Ramírez Édgar Rentería Álex Rodríguez Aaron Rowand Freddy Sánchez Ichiro Suzuki Mark Teixeira B.J. Upton Chase Utley José Vidro Randy Winn David Wright Michael Young Dmitri Young
27,ALNL,1997,47,Edgardo Alfonzo Sandy Alomar Roberto Alomar Garret Anderson Harold Baines Dante Bichette Craig Biggio Jeff Blauser Vinny Castilla Will Clark Dave Clark Joey Cora Shawon Dunston Jeff Frye Andrés Galarraga Nomar Garciaparra Doug Glanville Mark Grace Rusty Greer Ken Griffey Jr. Tony Gwynn Reggie Jefferson Lance Johnson Wally Joyner David Justice Kenny Lofton Dave Magadan Edgar Martínez Willie McGee Paul Molitor Raúl Mondesi Troy O'Leary Paul O'Neill Mike Piazza Manny Ramírez Joe Randa Bip Roberts Álex Rodríguez Iván Rodríguez David Segui Bill Spiers Lee Stevens Frank Thomas John Valentin Mo Vaughn Larry Walker Bernie Williams
28,ALNL,2009,47,Erick Aybar Jason Bartlett Ryan Braun Billy Butler Miguel Cabrera Asdrúbal Cabrera Alberto Callaspo Robinson Canó Luis Castillo Shin-Soo Choo Chris Coghlan Carl Crawford Rajai Davis Matt Diaz Jacoby Ellsbury Todd Helton Matt Holliday Maicer Izturis Derek Jeter Jason Kubel Carlos Lee Derrek Lee Adam Lind Felipe López Victor Martinez Joe Mauer Casey McGehee Kendrys Morales Nyjer Morgan Magglio Ordóñez Juan Pierre A.J. Pierzynski Scott Podsednik Martín Prado Albert Pujols Hanley Ramírez Scott Rolen Pablo Sandoval Skip Schumaker Denard Span Ichiro Suzuki Miguel Tejada Justin Upton Joey Votto David Wright Kevin Youkilis Michael Young
29,ALNL,1932,46,Dale Alexander Earl Averill Dick Bartell Wally Berger Jack Burns Bill Cissell Earle Combs Joe Cronin Kiddo Davis Virgil Davis Bill Dickey Rick Ferrell Jimmie Foxx Lou Gehrig Charlie Grimm Mule Haas Billy Herman Babe Herman Don Hurst Smead Jolley Chuck Klein Tony Lazzeri Hal Lee Ernie Lombardi Heinie Manush Johnny Moore Lefty O'Doul Ernie Orsatti Mel Ott Dick Porter Carl Reynolds Sam Rice Babe Ruth Al Simmons Riggs Stephenson Joe Stripp Danny Taylor Bill Terry Pie Traynor Arky Vaughan Joe Vosmik Gee Walker Paul Waner Lloyd Waner George Watkins Red Worthington
30,ALNL,1935,46,Ethan Allen Luke Appling Cliff Bolton Jim Bucher Mickey Cochrane Ripper Collins Dusty Cooke Doc Cramer Virgil Davis Frank Demaree Rick Ferrell Pete Fox Jimmie Foxx Augie Galan Lou Gehrig Charlie Gehringer Hank Greenberg Stan Hack Odell Hale Gabby Hartnett Billy Herman Babe Herman Travis Jackson Woody Jensen Roy Johnson Hal Lee Hank Leiber Sam Leslie Ernie Lombardi Joe Medwick Johnny Moore Buddy Myer Mel Ott Jake Powell Red Rolfe George Selkirk Moose Solters John Stone Joe Stripp Bill Terry Cecil Travis Arky Vaughan Joe Vosmik Paul Waner Lloyd Waner Sam West
31,ALNL,2002,46,Bobby Abreu Edgardo Alfonzo Garret Anderson Barry Bonds Ellis Burks Luis Castillo Jim Edmonds Nomar Garciaparra Jason Giambi Vladimir Guerrero Lenny Harris Todd Helton Aubrey Huff Jacque Jones Chipper Jones Austin Kearns Adam Kennedy Jeff Kent Ryan Klesko Paul Konerko Mark Loretta Quinton McCracken Kevin Millar John Olerud Magglio Ordóñez Orlando Palmeiro Jay Payton A.J. Pierzynski Albert Pujols Manny Ramírez Édgar Rentería Álex Rodríguez Iván Rodríguez Gary Sheffield Randall Simon Alfonso Soriano Junior Spivey Shannon Stewart Ichiro Suzuki Mike Sweeney Miguel Tejada Jim Thome José Vidro José Vizcaíno Larry Walker Bernie Williams
32,ALNL,1938,45,Mel Almada Earl Averill Jimmy Brown George Case Ben Chapman Doc Cramer Joe Cronin Harry Danning Bill Dickey Joe DiMaggio Jimmie Foxx Debs Garms Charlie Gehringer Hank Greenberg Stan Hack Jeff Heath Pinky Higgins Bob Johnson Red Kress Ernie Lombardi Frank McCormick George McQuinn Joe Medwick Johnny Mize Jo-Jo Moore Wally Moses Buddy Myer Mel Ott Frankie Pytlak Rip Radcliff Carl Reynolds Johnny Rizzo Red Rolfe Al Simmons Hank Steinbacher Cecil Travis Hal Trosky Arky Vaughan Joe Vosmik Gee Walker Dixie Walker Lloyd Waner Phil Weintraub Sam West Taffy Wright
33,ALNL,1980,45,Buddy Bell Bruce Bochte George Brett Bill Buckner Al Bumbry Rod Carew John Castino César Cedeño Dave Collins Cecil Cooper José Cruz Andre Dawson Miguel Diloné Mike Easler Steve Garvey Mike Hargrove Ron Hassey Rickey Henderson George Hendrick Keith Hernandez Dane Iorg Reggie Jackson Jay Johnstone Lee Lacy John Lowenstein Fred Lynn Bake McBride Paul Molitor Eddie Murray Ken Oberkfell Ben Oglivie Al Oliver Gene Richards Mickey Rivers Ted Simmons Ken Singleton Lonnie Smith Dave Stapleton Rusty Staub Garry Templeton Alan Trammell John Wathan Bob Watson Willie Wilson Al Woods
34,ALNL,2005,45,Moisés Alou Jason Bay Wilson Betemit Miguel Cabrera Sean Casey Luis Castillo Frank Catalanotto Tony Clark Brady Clark Jeff Conine Carl Crawford Coco Crisp Johnny Damon Carlos Delgado Mark Ellis Brian Giles Tony Graffanino Ken Griffey Jr. Vladimir Guerrero Travis Hafner Todd Helton Matt Holliday Derek Jeter Adam Kennedy Derrek Lee Kenny Lofton Victor Martinez Hideki Matsui Jason Michaels Pete Orr David Ortiz Plácido Polanco Albert Pujols Aramis Ramírez Brian Roberts Álex Rodríguez Ichiro Suzuki Mike Sweeney Mark Teixeira Miguel Tejada Chad Tracy Todd Walker Randy Winn David Wright Michael Young
35,ALNL,2008,44,Mike Aviles Lance Berkman Milton Bradley Johnny Damon David DeJesus Greg Dobbs Ryan Doumit Andre Ethier Mike Fontenot Brian Giles Vladimir Guerrero Cristian Guzmán Josh Hamilton Matt Holliday Orlando Hudson Aubrey Huff Conor Jackson Derek Jeter Reed Johnson Chipper Jones Ian Kinsler Carlos Lee Nick Markakis Joe Mauer Brian McCann Aaron Miles Yadier Molina Justin Morneau Xavier Nady Magglio Ordóñez Dustin Pedroia Plácido Polanco Albert Pujols Manny Ramírez Hanley Ramírez Álex Rodríguez Skip Schumaker Ichiro Suzuki Mark Teixeira Ryan Theriot Vernon Wells Randy Winn David Wright Kevin Youkilis
36,ALNL,2004,43,Bobby Abreu Garret Anderson Adrián Beltré Lance Berkman Barry Bonds Sean Casey Johnny Damon J.D. Drew Erubiel Durazo Jim Edmonds Johnny Estrada Julio Franco Marcus Giles Ross Gload Vladimir Guerrero Carlos Guillén Travis Hafner Todd Helton Shea Hillenbrand Raúl Ibañez Jason Kendall Mark Kotsay Carlos Lee Javy López Mark Loretta Melvin Mora David Ortiz Lyle Overbay Juan Pierre Albert Pujols Manny Ramírez Aramis Ramírez Juan Rivera Iván Rodríguez Scott Rolen Aaron Rowand J.T. Snow B.J. Surhoff Ichiro Suzuki Miguel Tejada Jack Wilson Tony Womack Michael Young
37,ALNL,1920,42,Ray Chapman Ty Cobb Shano Collins Eddie Collins Jake Daubert Joe Dugan Happy Felsch Max Flack Jack Fournier Larry Gardner Bucky Harris Harry Heilmann Harry Hooper Rogers Hornsby Joe Jackson Baby Doll Jacobson Charlie Jamieson Joe Judge Ed Konetchy Bob Meusel Irish Meusel Clyde Milan Hi Myers Steve O'Neill Del Pratt Sam Rice Dave Robertson Edd Roush Babe Ruth Wally Schang George Sisler Elmer Smith Earl Smith Tris Speaker Milt Stock Jack Tobin Bobby Veach Buck Weaver Zack Wheat Ken Williams Cy Williams Ross Youngs
38,NL,1897,41,John Anderson Jake Beckley Jesse Burkett Cupid Childs Fred Clarke Jimmy Collins Duff Cooley George Davis Harry Davis Ed Delahanty Gene DeMontreville Patsy Donovan Klondike Douglass Jack Doyle Hugh Duffy Kid Gleason Mike Griffin Billy Hamilton Fred Hartman Hughie Jennings Fielder Jones Bill Joyce Willie Keeler Joe Kelley George LaChance Nap Lajoie Bill Lange Herman Long Bobby Lowe John McGraw Dusty Miller Jimmy Ryan Kip Selbach Elmer Smith Chick Stahl Jake Stenzel Fred Tenney Mike Tiernan George Van Haltren Bobby Wallace Perry Werden
39,ALNL,1901,41,John Anderson Ginger Beaumont Jake Beckley Jesse Burkett Fred Clarke Jimmy Collins Sam Crawford Lave Cross Tom Daly George Davis Harry Davis Ed Delahanty Gene DeMontreville Mike Donlin Patsy Donovan Sam Dungan Kid Elberfeld Elmer Flick Buck Freeman Danny Green Fred Hartman Topsy Hartsel Emmet Heidrick Fielder Jones Willie Keeler Bill Keister Joe Kelley George LaChance Nap Lajoie Freddy Parent Ollie Pickering Socks Seybold Cy Seymour Jimmy Sheckard Chick Stahl Roy Thomas George Van Haltren Honus Wagner Irv Waldron Bobby Wallace Jimmy Williams
40,ALNL,1977,41,Bob Bailor Bruce Bochte Barry Bonnell Lyman Bostock George Brett Al Bumbry Rod Carew Cecil Cooper Al Cowens Dan Driessen Carlton Fisk George Foster Tito Fuentes Ralph Garr Ken Griffey Greg Gross Mike Hargrove George Hendrick Larry Hisle Roy Howell Tom Hutton Lamar Johnson Ron LeFlore Greg Luzinski Bill Madlock Bake McBride Thurman Munson Al Oliver Mitchell Page Dave Parker Lou Piniella Lenny Randle Jim Rice Mickey Rivers Bill Robinson Pete Rose Ted Simmons Ken Singleton Reggie Smith Rennie Stennett Garry Templeton
41,ALNL,1994,41,Roberto Alomar Moisés Alou Carlos Baerga Jeff Bagwell Bret Barberie Derek Bell Albert Belle Dante Bichette Craig Biggio Barry Bonds Bret Boone Brett Butler Will Clark Jeff Conine Chili Davis Jim Eisenreich Félix Fermín Julio Franco Andrés Galarraga Ken Griffey Jr. Tony Gwynn Darrin Jackson Gregg Jefferies David Justice Mike Kingery Chuck Knoblauch Kenny Lofton Fred McGriff Paul Molitor Raúl Mondesi Hal Morris Paul O'Neill Rafael Palmeiro Mike Piazza Kirby Puckett Cal Ripken Jr. Bip Roberts Sammy Sosa Frank Thomas Mo Vaughn Larry Walker
42,NL,1895,40,Cap Anson Jimmy Bannon Jake Beckley Steve Brodie Jesse Burkett Ed Cartwright Fred Clarke Roger Connor Duff Cooley George Davis Ed Delahanty Patsy Donovan Tommy Dowd Hugh Duffy Bill Everitt Buck Ewing Kid Gleason Mike Griffin Bill Hallman Billy Hamilton Hughie Jennings Bill Joyce Willie Keeler Joe Kelley George LaChance Bill Lange Arlie Latham Herman Long Deacon McGuire Ed McKean Dusty Miller Joe Quinn Jimmy Ryan Kip Selbach Germany Smith Elmer Smith Jake Stenzel Sam Thompson Mike Tiernan George Van Haltren
43,ALNL,1933,40,Luke Appling Earl Averill Wally Berger Ben Chapman Mickey Cochrane Ripper Collins Earle Combs Joe Cronin Virgil Davis Bill Dickey Jimmie Foxx Johnny Frederick Frankie Frisch Chick Fullis Lou Gehrig Charlie Gehringer Hank Greenberg Chick Hafey Pinky Higgins Johnny Hodapp Roy Johnson Chuck Klein Joe Kuhel Freddie Lindstrom Al López Heinie Manush Pepper Martin Joe Medwick Randy Moore Buddy Myer Tony Piet Babe Ruth Wes Schulmerich Al Simmons Evar Swanson Bill Terry Pie Traynor Arky Vaughan Paul Waner Sam West
44,NL,1896,39,John Anderson Cap Anson Eddie Burke Jesse Burkett Cupid Childs Fred Clarke Duff Cooley Bill Dahlen George Davis Ed Delahanty Gene DeMontreville Jim Donnelly Patsy Donovan Jack Doyle Hugh Duffy Bill Everitt Mike Griffin Bill Hallman Billy Hamilton Hughie Jennings Fielder Jones Bill Joyce Willie Keeler Joe Kelley Bill Lange Herman Long Denny Lyons Tom McCreery Deacon McGuire Ed McKean Bid McPhee Dusty Miller Jimmy Ryan Kip Selbach Elmer Smith Jake Stenzel Mike Tiernan Tommy Tucker George Van Haltren
45,ALNL,1975,39,Larry Biittner Larry Bowa Steve Braun George Brett Lou Brock José Cardenal Rod Carew Rico Carty Dave Cash Chris Chambliss Cecil Cooper Ron Fairly George Foster Steve Garvey Ken Griffey Mike Hargrove Jay Johnstone Von Joshua Ed Kranepool Lee Lacy Gene Locklear Greg Luzinski Fred Lynn Bill Madlock Bake McBride Hal McRae Willie Montañez Joe Morgan Thurman Munson Jorge Orta Dave Parker Jim Rice Pete Rose Manny Sanguillén Ted Simmons Ken Singleton Reggie Smith Claudell Washington Bob Watson
46,ALNL,1902,38,George Barclay Jimmy Barrett Ginger Beaumont Jake Beckley Bill Bradley Kitty Bransfield Jesse Burkett George Carey Fred Clarke Jimmy Collins Bill Coughlin Sam Crawford Lave Cross Harry Davis Ed Delahanty Patsy Donovan Patsy Dougherty Buck Freeman Dave Fultz Danny Green Charlie Hemphill Charlie Hickman Fielder Jones Willie Keeler Bill Keister Joe Kelley Dan McGann Heinie Peitz Jimmy Ryan Kip Selbach Socks Seybold Cy Seymour Jimmy Slagle Homer Smoot Chick Stahl Fred Tenney Honus Wagner Jimmy Williams
47,ALNL,1940,38,Luke Appling Johnny Cooney Doc Cramer Harry Danning Frank Demaree Joe DiMaggio Dom DiMaggio Lou Finney Debs Garms Charlie Gehringer Jim Gleeson Hank Greenberg Stan Hack Frankie Hayes Wally Judnich Ernie Koy Hank Leiber Buddy Lewis Ernie Lombardi Mike McCormick Frank McCormick Barney McCosky Joe Medwick Johnny Mize Terry Moore Wally Moses Rip Radcliff Larry Rosenthal Bama Rowell Enos Slaughter Moose Solters Cecil Travis Arky Vaughan Dixie Walker Roy Weatherly Ted Williams Taffy Wright Rudy York
48,ALNL,1979,38,Glenn Adams Bruce Bochte George Brett Lou Brock Rod Carew Dave Collins Cecil Cooper Brian Downing George Foster Oscar Gamble Steve Garvey Greg Gross George Hendrick Keith Hernandez Bob Horner Lamar Johnson Steve Kemp Ray Knight Ken Landreaux Ron LeFlore Chet Lemon Sixto Lezcano Fred Lynn Gary Matthews Lee Mazzilli Paul Molitor Charlie Moore Ken Oberkfell Al Oliver Dave Parker Larry Parrish Jim Rice Pete Rose Garry Templeton Bob Watson Rob Wilfong Willie Wilson Dave Winfield
49,ALNL,1983,38,Willie Aikens Don Baylor Wade Boggs Barry Bonnell George Brett Enos Cabell Rod Carew Cecil Cooper José Cruz Mike Easler Dave Engle Dámaso García Ken Griffey Greg Gross Mickey Hatcher George Hendrick Larry Herndon Bob Horner Ray Knight Lee Lacy Joe Lefebvre Bill Madlock Hal McRae Keith Moreland Lloyd Moseby Dale Murphy Eddie Murray Al Oliver Tom Paciorek Tony Peña Jim Rice Cal Ripken Jr. Ted Simmons Lonnie Smith Alan Trammell Willie Upshaw Lou Whitaker Robin Yount
50,ALNL,1984,38,Harold Baines Marty Barrett Buddy Bell Juan Beníquez Wade Boggs Phil Bradley Enos Cabell Dave Collins Tim Corcoran José Cruz Chili Davis Mike Easler Greg Gross Pedro Guerrero Tony Gwynn Mickey Hatcher Keith Hernandez Kent Hrbek Cliff Johnson Lee Lacy Carney Lansford Jeffrey Leonard Don Mattingly Hal McRae Rance Mulliniks Eddie Murray Al Oliver Terry Puhl Tim Raines Johnny Ray Cal Ripken Jr. Mickey Rivers Ryne Sandberg Scot Thompson Alan Trammell George Vukovich Willie Wilson Dave Winfield
51,ALNL,1970,37,Jesús Alou Luis Aparicio Bobby Bonds Lou Brock Bernie Carbo Rico Carty Danny Cater Orlando Cepeda Roberto Clemente Vic Davalillo Willie Davis Dick Dietz Ray Fosse Cito Gaston Jim Hickman Chuck Hinton Alex Johnson Denis Menke Félix Millán Manny Mota Thurman Munson Tony Oliva Wes Parker Tony Pérez Lou Piniella Merv Rettenmund Frank Robinson Pete Rose Joe Rudi Manny Sanguillén Reggie Smith Tony Taylor Bobby Tolan Joe Torre César Tovar Billy Williams Carl Yastrzemski
52,ALNL,1987,36,Mike Aldrete George Bell Wade Boggs Bobby Bonilla Will Clark Dave Concepción Kal Daniels Dwight Evans Tony Fernández Julio Franco Andrés Galarraga Mike Greenwell Pedro Guerrero Tony Gwynn Brook Jacoby Dion James John Kruk Mike LaValliere Don Mattingly Paul Molitor Rance Mulliniks Jerry Mumphrey Geno Petralli Kirby Puckett Tim Raines Willie Randolph Randy Ready Benito Santiago Kevin Seitzer Larry Sheets Ozzie Smith Pat Tabler Danny Tartabull Milt Thompson Alan Trammell Robin Yount
53,AANLPL,1890,34,Cap Anson Jake Beckley Lou Bierbauer Dan Brouthers Pete Browning Jesse Burkett Cupid Childs Roger Connor Hugh Duffy Dave Foutz Jack Glasscock Sandy Griffin Billy Hamilton Spud Johnson Joe Knight Henry Larkin Tommy McCarthy Mox McQuery Jack O'Connor Tip O'Neill Jim O'Rourke Dave Orr George Pinkney Joe Quinn John Reilly Hardy Richardson Jimmy Ryan Billy Shindle Ed Swartwood Harry Taylor Sam Thompson Mike Tiernan John Ward Chicken Wolf
54,ALFLNL,1914,34,Home Run Baker Beals Becker Hugh Bradley George Burns Vin Campbell Hal Chase Eddie Collins Joe Connolly Doc Crandall Sam Crawford Jack Dalton Jake Daubert Ted Easterly Steve Evans Jack Fournier Joe Jackson Benny Kauff Duke Kenworthy Frank LaPorte Ed Lennox William Louden Sherry Magee Tex McDonald Stuffy McInnis Bill McKechnie Benny Meyer Rebel Oakes Al Scheer Al Shaw Tris Speaker Casey Stengel Jimmy Walsh Zack Wheat Dutch Zwilling
55,ALNL,2012,34,Adrián Beltré Ryan Braun Billy Butler Miguel Cabrera Melky Cabrera Robinson Canó Allen Craig Prince Fielder Dexter Fowler Craig Gentry Carlos González Aaron Hill Torii Hunter Austin Jackson Jon Jay Derek Jeter Matt Kemp Jeff Keppinger Joe Mauer Andrew McCutchen Yadier Molina David Murphy Chris Nelson Jordan Pacheco Juan Pierre Buster Posey Martín Prado Aramis Ramírez Álex Ríos Carlos Ruiz Marco Scutaro Mike Trout Joey Votto David Wright
56,ALNL,1911,33,Home Run Baker Joe Birmingham Hal Chase Fred Clarke Ty Cobb Eddie Collins Sam Crawford Birdie Cree Jake Daubert Jim Delahanty Larry Doyle Art Fletcher Harry Hooper Joe Jackson Frank LaPorte Duffy Lewis Harry Lord Bris Lord Fred Luderus Stuffy McInnis Matty McIntyre Jack Meyers Clyde Milan Doc Miller Danny Murphy Germany Schaefer Frank Schulte Tris Speaker Bill Sweeney Honus Wagner Owen Wilson Harry Wolter Heinie Zimmerman
57,ALNL,1950,33,Richie Ashburn Hank Bauer Yogi Berra Ray Boone Gil Coan Walker Cooper Bob Dillinger Joe DiMaggio Dom DiMaggio Larry Doby Walt Dropo Bob Elliott Del Ennis Hoot Evers Carl Furillo Billy Goodman Sid Gordon Johnny Groth Johnny Hopp George Kell Ted Kluszewski Paul Lehner Hank Majeski Dale Mitchell Stan Musial Andy Pafko Johnny Pesky Phil Rizzuto Jackie Robinson Duke Snider Eddie Stanky Vic Wertz Al Zarilla
58,ALNL,2017,33,José Abreu Jose Altuve Nolan Arenado Charlie Blackmon Lorenzo Cain Starlin Castro Carlos Correa Freddie Freeman Avisaíl García Marwin González Bryce Harper Eric Hosmer Ender Inciarte DJ LeMahieu Adam Lind José Martínez J.D. Martinez Joe Mauer Daniel Murphy Eduardo Núñez Marcell Ozuna Gerardo Parra Tommy Pham Buster Posey José Ramírez Josh Reddick Anthony Rendon Jean Segura Dee Strange-Gordon Mike Trout Justin Turner Joey Votto Ryan Zimmerman
59,ALNL,1912,32,Home Run Baker Max Carey Ty Cobb Eddie Collins Sam Crawford Jake Daubert Larry Doyle Johnny Evers Chick Gandil Larry Gardner Miller Huggins Joe Jackson Jay Kirke Ed Konetchy Nap Lajoie Frank LaPorte Sherry Magee Armando Marsans Stuffy McInnis Fred Merkle Jack Meyers Clyde Milan Dode Paskert Del Pratt Tris Speaker Bill Sweeney John Titus Terry Turner Honus Wagner Zack Wheat Owen Wilson Heinie Zimmerman
60,ALNL,1976,32,Lyman Bostock George Brett Lou Brock Bill Buckner Rod Carew Rico Carty Willie Crawford José Cruz George Foster Ralph Garr Steve Garvey César Gerónimo Ken Griffey Jay Johnstone Ron LeFlore Greg Luzinski Fred Lynn Garry Maddox Bill Madlock Hal McRae Willie Montañez José Morales Joe Morgan Thurman Munson Al Oliver Dave Parker Tom Poquette Mickey Rivers Bill Robinson Pete Rose Joe Torre Bob Watson
61,ALNL,1986,32,Wally Backman Kevin Bass George Bell Juan Beníquez Tony Bernazard Wade Boggs Phil Bradley Chris Brown Joe Carter Mike Easler Tony Fernández Scott Fletcher Julio Franco Ken Griffey Tony Gwynn Ron Hassey Von Hayes Keith Hernandez John Kruk Rick Leach Don Mattingly Jerry Mumphrey Eddie Murray Kirby Puckett Tim Raines Johnny Ray Jim Rice Steve Sax Pat Tabler Denny Walling Gary Ward Robin Yount
62,ALNL,2011,32,José Bautista Carlos Beltrán Lance Berkman Ryan Braun Miguel Cabrera Melky Cabrera Robinson Canó Starlin Castro Jacoby Ellsbury Adrián González Alex Gordon Todd Helton Reed Johnson Matt Kemp Paul Konerko Casey Kotchman Victor Martinez Yadier Molina Nyjer Morgan Mike Morse Daniel Murphy Mike Napoli David Ortiz Dustin Pedroia Hunter Pence Brandon Phillips Aramis Ramírez José Reyes Pablo Sandoval Troy Tulowitzki Joey Votto Michael Young
63,NL,1898,31,Jesse Burkett Fred Clarke Jimmy Collins Duff Cooley Lave Cross George Davis Ed Delahanty Gene DeMontreville Charlie Dexter Patsy Donovan Bill Everitt Elmer Flick Mike Griffin Billy Hamilton Billy Hoy Hughie Jennings Fielder Jones Willie Keeler Joe Kelley Nap Lajoie Bill Lange Algie McBride Dan McGann John McGraw Henry Reitz Jimmy Ryan Kip Selbach Elmer Smith Chick Stahl Fred Tenney George Van Haltren
64,ALNL,1958,31,Henry Aaron Harry Anderson Richie Ashburn Ernie Banks Bob Boyd Ken Boyer Orlando Cepeda Bob Cerv Rocky Colavito Joe Cunningham Nellie Fox Dick Groat Elston Howard Al Kaline Harvey Kuenn Jerry Lynch Mickey Mantle Willie Mays Minnie Miñoso Stan Musial Bob Nieman Russ Nixon Vic Power Pete Runnels Norm Siebern Bob Skinner Duke Snider Johnny Temple Frank Torre Lee Walls Ted Williams
65,ALNL,1991,31,Wade Boggs Bobby Bonilla Iván Calderón Will Clark Jim Eisenreich Julio Franco Mike Greenwell Ken Griffey Jr. Tony Gwynn Darryl Hamilton Brian Harper Félix José Wally Joyner Barry Larkin Shane Mack Edgar Martínez Willie McGee Paul Molitor Hal Morris Rafael Palmeiro Terry Pendleton Kirby Puckett Willie Randolph Cal Ripken Jr. Chris Sabo Steve Sax Rubén Sierra Danny Tartabull Frank Thomas Milt Thompson Jeff Treadway
66,AANL,1889,30,Cap Anson Jake Beckley Lou Bierbauer Dan Brouthers Thomas Burns Jim Burns Roger Connor Hugh Duffy Jack Glasscock George Gore Billy Hamilton Paul Hines Bug Holliday Henry Larkin Denny Lyons Lefty Marr Ed McKean Darby O'Brien Tip O'Neill Jim O'Rourke Dave Orr Blondie Purcell Hardy Richardson Jimmy Ryan Emmett Seery Billy Shindle Harry Stovey Mike Tiernan Tommy Tucker George Van Haltren
67,NL,1899,30,Ginger Beaumont Jake Beckley Steve Brodie Jesse Burkett Fred Clarke Tom Daly George Davis Ed Delahanty Bill Everitt Elmer Flick Buck Freeman Emmet Heidrick Ducky Holmes Billy Hoy Willie Keeler Bill Keister Joe Kelley George LaChance Bill Lange Jack McCarthy Tom McCreery John McGraw Claude Ritchey Jimmy Ryan Chick Stahl Fred Tenney Roy Thomas George Van Haltren Honus Wagner Jimmy Williams
68,ALNL,1973,30,Henry Aaron Ron Blomberg Al Bumbry José Cardenal Rod Carew César Cedeño Rich Coggins Tommy Davis Dan Driessen Steve Garvey Ed Goodson Johnny Grubb Willie Horton Ron Hunt Garry Maddox Gary Matthews Dave May Thurman Munson Bobby Murcer Jim Northrup Amos Otis Tony Pérez Pete Rose Richie Scheinblum George Scott Ted Simmons Ken Singleton Reggie Smith Bob Watson Richie Zisk
69,ALNL,1990,30,Wade Boggs Barry Bonds George Brett Brett Butler Jack Daugherty Andre Dawson Bill Doran Mariano Duncan Lenny Dykstra Ron Gant Mark Grace Ken Griffey Jr. Tony Gwynn Lenny Harris Rickey Henderson Barry Larkin Shane Mack Dave Magadan Edgar Martínez Willie McGee Fred McGriff Hal Morris Eddie Murray Rafael Palmeiro Luis Polonia Bip Roberts Ryne Sandberg Mackey Sasser Lonnie Smith Alan Trammell
70,ALNL,2013,30,Adrián Beltré Miguel Cabrera Robinson Canó Matt Carpenter Allen Craig Michael Cuddyer Josh Donaldson Freddie Freeman Paul Goldschmidt Carlos González Matt Holliday Eric Hosmer Torii Hunter Jose Iglesias Omar Infante Chris Johnson Victor Martinez Joe Mauer Andrew McCutchen Yadier Molina Daniel Nava David Ortiz Dustin Pedroia Jhonny Peralta Yasiel Puig Mike Trout Troy Tulowitzki Joey Votto Jayson Werth David Wright
71,AANL,1887,29,Ed Andrews Cap Anson Dan Brouthers Pete Browning Thomas Burns Fred Carroll Charlie Comiskey John Corkhill Jumbo Davis Jerry Denny Dave Foutz Mike Griffin Paul Hines King Kelly Henry Larkin Arlie Latham Denny Lyons Reddy Mack Darby O'Brien Tip O'Neill John Reilly Hardy Richardson William Robinson Jack Rowe Otto Schomberg Sam Thompson John Ward Deacon White Sam Wise
72,ALNL,1954,29,Joe Adcock Richie Ashburn Bobby Ávila Yogi Berra Smoky Burgess Andy Carey Jim Finigan Nellie Fox Billy Goodman Sid Gordon Solly Hemus Gil Hodges Ted Kluszewski Harvey Kuenn Mickey Mantle Willie Mays Minnie Miñoso Wally Moon Don Mueller Stan Musial Irv Noren Pee Wee Reese Jackie Robinson Al Rosen Bill Sarni Red Schoendienst Duke Snider Johnny Temple Ted Williams
73,ALNL,1962,29,Henry Aaron Felipe Alou George Altman Richie Ashburn Smoky Burgess Johnny Callison Orlando Cepeda Roberto Clemente Tommy Davis Don Demeter Tony González Chuck Hinton Manny Jiménez Al Kaline Harvey Kuenn Jerry Lumpe Mickey Mantle Willie Mays Stan Musial Bobby Richardson Frank Robinson Floyd Robinson Brooks Robinson Pete Runnels Norm Siebern Bob Skinner Russ Snyder Frank Torre Bill White
74,ALNL,1982,29,Dusty Baker Wade Boggs George Brett Bill Buckner Rod Carew Cecil Cooper Andre Dawson Doug DeCinces Leon Durham Dámaso García Pedro Guerrero Toby Harrah Kent Hrbek Lee Lacy Carney Lansford Rudy Law John Lowenstein Bill Madlock Hal McRae Paul Molitor Jerry Mumphrey Eddie Murray Al Oliver Tom Paciorek Lou Piniella Jim Rice Lonnie Smith Willie Wilson Robin Yount
75,ALNL,2010,29,Mike Aviles Adrián Beltré Ryan Braun Billy Butler Miguel Cabrera Robinson Canó Starlin Castro Shin-Soo Choo Carl Crawford Nelson Cruz Carlos González Vladimir Guerrero Josh Hamilton Matt Holliday Omar Infante Jon Jay Paul Konerko Victor Martinez Joe Mauer Buster Posey Martín Prado Albert Pujols Hanley Ramírez Carlos Ruiz Ichiro Suzuki Troy Tulowitzki Joey Votto Kevin Youkilis Ryan Zimmerman
76,NL,1893,28,Cap Anson Jake Beckley Steve Brodie Jesse Burkett Cupid Childs Roger Connor Bill Dahlen George Davis Ed Delahanty Patsy Donovan Hugh Duffy Buck Ewing Jack Glasscock Bill Hallman Bug Holliday Joe Kelley Denny Lyons Tommy McCarthy John McGraw Ed McKean Tim O'Rourke Elmer Smith Patsy Tebeau Sam Thompson Mike Tiernan George Van Haltren John Ward Sam Wise
77,ALNL,1941,28,Luke Appling Jimmy Brown Sam Chapman Johnny Cooney Joe Cronin Roy Cullenbine Joe DiMaggio Nick Etten Jimmie Foxx Joe Grace Stan Hack Jeff Heath Johnny Hopp Danny Litwhiler Barney McCosky Joe Medwick Johnny Mize Wally Moses Rip Radcliff Pete Reiser Phil Rizzuto Dick Siebert Enos Slaughter Cecil Travis Arky Vaughan Dixie Walker Ted Williams Taffy Wright
78,ALNL,1953,28,Richie Ashburn Hank Bauer Frank Baumholtz Gus Bell Jim Busby Roy Campanella Al Dark Dee Fondy Carl Furillo Billy Goodman Gil Hodges Monte Irvin George Kell Ted Kluszewski Harvey Kuenn Eddie Mathews Minnie Miñoso Dale Mitchell Don Mueller Stan Musial Dave Philley Jackie Robinson Al Rosen Red Schoendienst Duke Snider Hank Thompson Mickey Vernon Gene Woodling
79,ALNL,2016,28,Jose Altuve Elvis Andrus Adrián Beltré Mookie Betts Charlie Blackmon Ryan Braun Miguel Cabrera Aledmys Díaz Yunel Escobar Freddie Freeman DJ LeMahieu Francisco Lindor Starling Marte J.D. Martinez Yadier Molina Daniel Murphy Paulo Orlando David Ortiz Dustin Pedroia Martín Prado José Ramírez Wilson Ramos J.T. Realmuto Corey Seager Jean Segura Devon Travis Mike Trout Joey Votto
80,ALNL,1903,27,Jimmy Barrett Ginger Beaumont Jake Beckley Bill Bradley Roger Bresnahan George Browne Frank Chance Fred Clarke Sam Crawford Mike Donlin Patsy Donovan Patsy Dougherty Jack Doyle Kid Elberfeld Danny Green Willie Keeler Bill Keister Joe Kelley Nap Lajoie Freddy Parent Cy Seymour Jimmy Sheckard Harry Steinfeldt Fred Tenney Roy Thomas Honus Wagner Harry Wolverton
81,ALNL,1988,27,Wade Boggs George Brett José Canseco Andre Dawson Julio Franco Gary Gaetti Andrés Galarraga Dave Gallagher Mike Greenwell Tony Gwynn Dave Henderson Rickey Henderson Kent Hrbek Don Mattingly Paul Molitor John Moses Rance Mulliniks Rafael Palmeiro Gerald Perry Kirby Puckett Terry Puhl Johnny Ray Kevin Seitzer Alan Trammell Claudell Washington Dave Winfield Robin Yount
82,ALNL,1989,27,Harold Baines Wade Boggs Will Clark Alvin Davis Jim Dwyer Julio Franco Mark Grace Mike Greenwell Pedro Guerrero Tony Gwynn Brian Harper Danny Heep Roberto Kelly John Kruk Carney Lansford Carlos Martínez Don Mattingly Paul Molitor Luis Polonia Kirby Puckett Harold Reynolds Bip Roberts Steve Sax Rubén Sierra Dwight Smith Lonnie Smith Robin Yount
83,ALNL,1947,26,Luke Appling Lou Boudreau Phil Cavarretta Walker Cooper Joe DiMaggio Bob Elliott Augie Galan Tommy Holmes George Kell Ralph Kiner Whitey Kurowski Phil Masi Barney McCosky George McQuinn Sam Mele Dale Mitchell Johnny Mize Stan Musial Andy Pafko Johnny Pesky Pete Reiser Elmer Valo Harry Walker Dixie Walker Ted Williams Taffy Wright
84,ALNL,1948,26,Luke Appling Richie Ashburn Yogi Berra Lou Boudreau Bobby Brown Al Dark Bob Dillinger Joe DiMaggio Larry Doby Hoot Evers Billy Goodman Jeff Heath Tommy Henrich Tommy Holmes Hank Majeski Mike McCormick Barney McCosky Dale Mitchell Stan Musial Andy Pafko Bob Scheffing Enos Slaughter Elmer Valo Dixie Walker Ted Williams Al Zarilla
85,ALNL,1985,26,Harold Baines Juan Beníquez Wade Boggs Thad Bosley Phil Bradley George Brett Mike Brown Brett Butler José Cruz Pedro Guerrero Tony Gwynn Rickey Henderson Keith Hernandez Tom Herr Garth Iorg Don Mattingly Willie McGee Keith Moreland Dale Murphy Joe Orsulak Dave Parker Tim Raines Floyd Rayford Mark Salas Ryne Sandberg Wayne Tolleson
86,ALNL,1919,25,George Burns Ray Chapman Ty Cobb Eddie Collins Larry Gardner Heinie Groh Harry Heilmann Rogers Hornsby Joe Jackson Baby Doll Jacobson Doc Johnston Nemo Leibold Stuffy McInnis Irish Meusel Hi Myers Roger Peckinpaugh Sam Rice Edd Roush Babe Ruth Wally Schang George Sisler Milt Stock Jack Tobin Bobby Veach Ross Youngs
87,ALNL,1949,25,Luke Appling Bob Dillinger Dom DiMaggio Bobby Doerr Del Ennis Hoot Evers Carl Furillo Johnny Hopp Nippy Jones George Kell Ralph Kiner Ted Kluszewski Whitey Lockman Willard Marshall Cass Michaels Dale Mitchell Stan Musial Johnny Pesky Jackie Robinson Roy Sievers Enos Slaughter Bobby Thomson Harry Walker Vic Wertz Ted Williams
88,ALNL,1956,25,Henry Aaron Richie Ashburn Ed Bailey Ray Boone Ken Boyer Roberto Clemente Clint Courtney Jim Gilliam Jackie Jensen Al Kaline Ted Kluszewski Harvey Kuenn Mickey Mantle Charlie Maxwell Gil McDougald Minnie Miñoso Stan Musial Bob Nieman Vic Power Pete Runnels Red Schoendienst Bill Skowron Mickey Vernon Bill Virdon Ted Williams
89,ALNL,1961,25,Henry Aaron George Altman Earl Battey Ken Boyer Smoky Burgess Norm Cash Orlando Cepeda Roberto Clemente Ron Fairly Curt Flood Tito Francona Jim Gentile Elston Howard Al Kaline Mickey Mantle Eddie Mathews Willie Mays Wally Moon Jim Piersall Vada Pinson Frank Robinson Floyd Robinson Pete Runnels Dick Stuart Gene Woodling
90,ALNL,1972,25,Dick Allen Matty Alou Dusty Baker Lou Brock Bill Buckner Rod Carew César Cedeño Roberto Clemente Gene Clines Vic Davalillo Ralph Garr Richie Hebner Al Kaline Leron Lee Carlos May Manny Mota Al Oliver Lou Piniella Pete Rose Joe Rudi Ron Santo Richie Scheinblum Ted Simmons Bob Watson Billy Williams
91,ALNL,1992,25,Roberto Alomar Carlos Baerga Barry Bonds Mike Bordick Brett Butler Will Clark Bernard Gilkey Mark Grace Ken Griffey Jr. Tony Gwynn Brian Harper John Kruk Barry Larkin Shane Mack Edgar Martínez Paul Molitor Terry Pendleton Kirby Puckett Bip Roberts Ryne Sandberg Mike Sharperson Gary Sheffield Frank Thomas Andy Van Slyke Larry Walker
92,ALNL,2014,25,José Abreu Jose Altuve Adrián Beltré Michael Brantley Miguel Cabrera Melky Cabrera Lorenzo Cain Robinson Canó Carl Crawford Corey Dickerson Adam Eaton Paul Goldschmidt Josh Harrison Jon Jay Jonathan Lucroy J.D. Martinez Victor Martinez Andrew McCutchen Justin Morneau Buster Posey Ben Revere Danny Santana Denard Span Justin Turner Juan Uribe
93,ALNL,2015,25,Jose Altuve Xander Bogaerts Michael Brantley Miguel Cabrera Lorenzo Cain Chris Colabello Nelson Cruz Yunel Escobar Prince Fielder Paul Goldschmidt Bryce Harper Nick Hundley Jose Iglesias Ender Inciarte Jason Kipnis DJ LeMahieu Joe Panik David Peralta A.J. Pierzynski AJ Pollock Buster Posey Ben Revere Dee Strange-Gordon Joey Votto Christian Yelich
94,AANLUA,1884,24,Cap Anson Sam Barkley Pete Browning Roger Connor Abner Dalrymple Fred Dunlap Dude Esterbrook Jack Glasscock George Gore Paul Hines Charley Jones King Kelly Henry Moore Jim O'Rourke Dave Orr John Reilly Hardy Richardson Jumbo Schoeneck Emmett Seery Orator Shafer Harry Stovey Ezra Sutton Deacon White Chicken Wolf
95,ALNL,1955,24,Henry Aaron Richie Ashburn Gus Bell Smoky Burgess Roy Campanella Nellie Fox Carl Furillo Al Kaline George Kell Ted Kluszewski Harvey Kuenn Mickey Mantle Willie Mays Don Mueller Stan Musial Wally Post Vic Power Harry Simpson Bill Skowron Enos Slaughter Al Smith Duke Snider Elmer Valo Mickey Vernon
96,ALNL,1969,24,Henry Aaron Matty Alou Rod Carew Rico Carty Roberto Clemente Willie Davis Richie Hebner Alex Johnson Cleon Jones Willie McCovey Manny Mota Tony Oliva Boog Powell Rich Reese Frank Robinson Pete Rose Manny Sanguillén Art Shamsky Reggie Smith Willie Stargell Rusty Staub Carl Taylor Bobby Tolan Walt Williams
97,ALNL,1974,24,Dick Allen Lou Brock Bill Buckner Jeff Burroughs Rod Carew Dave Cash Ralph Garr Steve Garvey Greg Gross Mike Hargrove Mike Jorgensen Elliott Maddox Bill Madlock Bake McBride Hal McRae Willie Montañez Al Oliver Jorge Orta Lou Piniella Lenny Randle Reggie Smith Willie Stargell Carl Yastrzemski Richie Zisk
98,ALNL,1964,23,Henry Aaron Dick Allen Lou Brock Rico Carty Orlando Cepeda Joe Christopher Roberto Clemente Ty Cline Curt Flood Bill Freehan Elston Howard Ron Hunt Mickey Mantle Lee Maye Tony Oliva Frank Robinson Floyd Robinson Brooks Robinson Ron Santo Willie Smith Joe Torre Bill White Billy Williams
99,ALNL,2019,23,Hanser Alberto Tim Anderson Nolan Arenado Cody Bellinger Charlie Blackmon Xander Bogaerts Michael Brantley Nelson Cruz David Dahl J.D. Davis Rafael Devers Howie Kendrick DJ LeMahieu Ketel Marte J.D. Martinez Jeff McNeil Whit Merrifield Yoán Moncada Kevin Newman Anthony Rendon Bryan Reynolds Gio Urshela Christian Yelich
100,ALNL,1944,22,Lou Boudreau Phil Cavarretta Walker Cooper Dom Dallessandro Bobby Doerr Pete Fox Augie Galan Tommy Holmes Johnny Hopp Bob Johnson Mike Kreevich Johnny Lindell Frank McCormick Joe Medwick Stan Musial Jim Russell Dick Siebert Stan Spence Snuffy Stirnweiss Eric Tipton Dixie Walker Phil Weintraub
101,ALNL,1959,22,Henry Aaron Ernie Banks Ken Boyer Orlando Cepeda Joe Cunningham Nellie Fox Tito Francona Al Kaline Harvey Kuenn Eddie Mathews Willie Mays Minnie Miñoso Wally Moon Vada Pinson Bobby Richardson Frank Robinson Pete Runnels Duke Snider Johnny Temple Bill Tuttle Bill White Gene Woodling
102,ALNL,1971,22,Henry Aaron Matty Alou Glenn Beckert Lou Brock Rod Carew Roberto Clemente Willie Davis Ralph Garr Cleon Jones Bobby Murcer Tony Oliva Amos Otis Joe Pepitone Merv Rettenmund Cookie Rojas Pete Rose Manny Sanguillén Ted Simmons Rusty Staub Joe Torre César Tovar Billy Williams
103,ALNL,1913,21,Home Run Baker Beals Becker Ty Cobb Eddie Collins Gavvy Cravath Sam Crawford Jake Daubert Chick Gandil Joe Jackson Nap Lajoie Hans Lobert Sherry Magee Stuffy McInnis Jack Meyers Clyde Milan Tris Speaker Joe Tinker Jim Viox Honus Wagner Zack Wheat Heinie Zimmerman
104,ALFLNL,1915,21,Vin Campbell Ty Cobb Eddie Collins Jake Daubert Larry Doyle Steve Evans William Fischer Max Flack Jack Fournier Tommy Griffith Bill Hinchman Joe Jackson Benny Kauff Ed Konetchy Fred Luderus Lee Magee Les Mann Stuffy McInnis Ward Miller Tris Speaker Bobby Veach
105,ALNL,1951,21,Richie Ashburn Bobby Ávila Roy Campanella Gil Coan Walker Cooper Al Dark Ferris Fain Nellie Fox Monte Irvin George Kell Ralph Kiner Peanuts Lowrey Gil McDougald Minnie Miñoso Stan Musial Johnny Pesky Jackie Robinson Vern Stephens Elmer Valo Ted Williams Johnny Wyrostek
106,ALNL,1978,21,Bill Buckner Jeff Burroughs Rod Carew Jack Clark Dave Concepción Cecil Cooper José Cruz Steve Garvey Mike Ivie Chet Lemon Bill Madlock José Morales Ben Oglivie Al Oliver Dave Parker Lou Piniella Jim Rice Gene Richards Leon Roberts Pete Rose Dave Winfield
107,NL,1900,20,Jimmy Barrett Jake Beckley Jesse Burkett Jimmy Collins George Davis Ed Delahanty Patsy Donovan Elmer Flick Buck Freeman Billy Hamilton Charlie Hickman Fielder Jones Willie Keeler Bill Keister Joe Kelley Nap Lajoie Kip Selbach Roy Thomas George Van Haltren Honus Wagner
108,ALNL,1946,20,Luke Appling Roy Cullenbine Dom DiMaggio Hank Edwards Del Ennis Tommy Holmes Johnny Hopp George Kell Whitey Kurowski Barney McCosky Johnny Mize Stan Musial Johnny Pesky Enos Slaughter Vern Stephens Elmer Valo Mickey Vernon Eddie Waitkus Dixie Walker Ted Williams
109,AANL,1891,19,Dan Brouthers Tom Brown Pete Browning Jack Clements Lave Cross Patsy Donovan Charlie Duffee Hugh Duffy Duke Farrell Billy Hamilton Bug Holliday Denny Lyons Tommy McCarthy Deacon McGuire John Milligan Tip O'Neill Mike Tiernan George Van Haltren George Wood
110,ALNL,1945,19,Phil Cavarretta Tony Cuccinello Johnny Dickshot Augie Galan Stan Hack Jeff Heath Tommy Holmes Don Johnson Whitey Kurowski Johnny Lazor Ernie Lombardi Tom McBride René Monteagudo Luis Olmo Mel Ott Goody Rosen Snuffy Stirnweiss Dixie Walker Jimmy Wasdell
111,ALNL,1957,19,Henry Aaron Bob Boyd Joe Cunningham Dee Fondy Nellie Fox Carl Furillo Dick Groat Mickey Mantle Willie Mays Minnie Miñoso Stan Musial Frank Robinson Red Schoendienst Roy Sievers Bob Skinner Bill Skowron Hal Smith Ted Williams Gene Woodling
112,ALNL,1981,19,Bill Almon Dusty Baker Bill Buckner Dave Concepción Cecil Cooper Andre Dawson Bobby Grich Ken Griffey Rickey Henderson Keith Hernandez Terry Kennedy Carney Lansford Gary Matthews Al Oliver Tom Paciorek Pete Rose Luis Salazar Mike Schmidt Willie Wilson
113,ALNL,2018,18,Jose Altuve Mookie Betts Michael Brantley Lorenzo Cain Corey Dickerson Freddie Freeman Scooter Gennett José Martínez J.D. Martinez Whit Merrifield Wilson Ramos Anthony Rendon Jean Segura Mike Trout Justin Turner Joey Wendle Christian Yelich Ben Zobrist
114,AANL,1886,17,Cap Anson Dan Brouthers Pete Browning Roger Connor Jack Glasscock George Gore Paul Hines King Kelly Henry Larkin Arlie Latham Alex McKinnon Tip O'Neill Jim O'Rourke Dave Orr Hardy Richardson Jack Rowe Sam Thompson
115,ALNL,1910,17,Johnny Bates Ty Cobb Eddie Collins Josh Devore Ted Easterly Solly Hofman John Knight Ed Konetchy Nap Lajoie Sherry Magee Danny Murphy Rube Oldring Dode Paskert Frank Schulte Fred Snodgrass Tris Speaker Honus Wagner
116,ALNL,1917,17,George Burns Ray Chapman Ty Cobb Happy Felsch Heinie Groh Joe Harris Rogers Hornsby Joe Jackson Benny Kauff Duffy Lewis Stuffy McInnis Sam Rice Edd Roush George Sisler Tris Speaker Bobby Veach Zack Wheat
117,ALNL,1952,17,Bobby Ávila Frank Baumholtz Al Dark Ferris Fain Dee Fondy Billy Goodman George Kell Ted Kluszewski Mickey Mantle Dale Mitchell Stan Musial Jackie Robinson Al Rosen Red Schoendienst Enos Slaughter Duke Snider Gene Woodling
118,ALNL,1967,17,Henry Aaron Dick Allen Matty Alou Orlando Cepeda Roberto Clemente Tommy Davis Curt Flood Tony González Al Kaline Manny Mota Frank Robinson Pete Rose Ron Santo George Scott Rusty Staub Maury Wills Carl Yastrzemski
119,ALNL,1906,16,Frank Chance Hal Chase Fred Clarke Bunk Congalton Elmer Flick Willie Keeler Johnny Kling Nap Lajoie Harry Lumley Danny Murphy Claude Rossman Socks Seybold Harry Steinfeldt George Stone Sammy Strang Honus Wagner
120,ALNL,1963,16,Henry Aaron Orlando Cepeda Roberto Clemente Wes Covington Tommy Davis Curt Flood Tony González Dick Groat Al Kaline Willie Mays Albie Pearson Vada Pinson Rich Rollins Bill White Maury Wills Carl Yastrzemski
121,ALNL,2021,16,Tim Anderson Michael Brantley Nick Castellanos Adam Frazier Freddie Freeman Vladimir Guerrero Jr. Yuli Gurriel Bryce Harper Nicky Lopez Starling Marte Buster Posey Bryan Reynolds Austin Riley Juan Soto Trea Turner Jesse Winker
122,ALNL,1916,15,Hal Chase Ty Cobb Eddie Collins Jake Daubert Happy Felsch Larry Gardner Bill Hinchman Rogers Hornsby Joe Jackson Dave Robertson George Sisler Tris Speaker Amos Strunk Bobby Veach Zack Wheat
123,ALNL,1942,15,George Case Joe DiMaggio Joe Gordon Stan Hack Wally Judnich Ernie Lombardi Joe Medwick Johnny Mize Stan Musial Lou Novikoff Johnny Pesky Pete Reiser Enos Slaughter Stan Spence Ted Williams
124,ALNL,1966,15,Dick Allen Felipe Alou Matty Alou Rico Carty Orlando Cepeda Roberto Clemente Tommy Davis Manny Mota Tony Oliva Frank Robinson Pete Rose Ron Santo Russ Snyder Willie Stargell Joe Torre
125,ALNL,1943,14,Luke Appling Walker Cooper Doc Cramer Bob Elliott Billy Herman Ralph Hodgin Ernie Lombardi Frank McCormick Stan Musial Bill Nicholson Arky Vaughan Dick Wakefield Dixie Walker Mickey Witek
126,ALNL,1965,14,Henry Aaron Dick Allen Roberto Clemente Donn Clendenon Gordy Coleman Vic Davalillo Curt Flood Willie Mays Tony Oliva Vada Pinson Cookie Rojas Pete Rose Billy Williams Carl Yastrzemski
127,ALNL,1905,13,John Barry Harry Bay Ginger Beaumont Roger Bresnahan Frank Chance Mike Donlin Elmer Flick Willie Keeler Cy Seymour Homer Smoot Roy Thomas John Titus Honus Wagner
128,ALNL,2022,13,José Abreu Jose Altuve Yordan Alvarez Luis Arráez Andrew Benintendi Xander Bogaerts Yonathan Daza Freddie Freeman Paul Goldschmidt Aaron Judge Nathaniel Lowe Jeff McNeil Harold Ramírez
129,AANL,1885,12,Cap Anson Tom Brown Pete Browning Roger Connor George Gore Ned Hanlon Charley Jones Henry Larkin Jim O'Rourke Dave Orr Harry Stovey Ezra Sutton
130,ALNL,1904,12,Ginger Beaumont Jake Beckley Bill Bradley Frank Chance Harry Davis Mike Donlin Elmer Flick Mike Grady Willie Keeler Nap Lajoie Cy Seymour Honus Wagner
131,ALNL,1918,12,Home Run Baker George Burns Ty Cobb Jake Daubert Heinie Groh Charlie Hollocher Edd Roush George Sisler Tris Speaker Buck Weaver Zack Wheat Ross Youngs
132,ALNL,1909,11,Home Run Baker Ty Cobb Eddie Collins Sam Crawford Larry Doyle Dick Hoblitzell Nap Lajoie Harry Lord Mike Mitchell Tris Speaker Honus Wagner
133,ALNL,1960,11,Ken Boyer Roberto Clemente Dick Groat Harvey Kuenn Norm Larker Willie Mays Minnie Miñoso Pete Runnels Bill Skowron Al Smith Ted Williams
134,ALNL,2023,11,Ronald Acuña Jr. Luis Arráez Cody Bellinger Mookie Betts Bo Bichette Yandy Díaz Freddie Freeman Josh Naylor Shohei Ohtani Harold Ramírez Corey Seager
135,ALNL,1907,10,Ginger Beaumont Ty Cobb Sam Crawford Elmer Flick Nap Lajoie Tommy Leach Sherry Magee Simon Nicholls George Stone Honus Wagner
136,NL,1892,9,Dan Brouthers Thomas Burns Cupid Childs Ed Delahanty Hugh Duffy Buck Ewing Billy Hamilton Jim O'Rourke Sam Thompson
137,AANL,1888,8,Cap Anson Dan Brouthers Hub Collins Buck Ewing King Kelly Tip O'Neill John Reilly Jimmy Ryan
138,ALNL,1908,8,Kitty Bransfield Ty Cobb Sam Crawford Mike Donlin Larry Doyle Johnny Evers Doc Gessler Honus Wagner
139,ALNL,1968,6,Felipe Alou Matty Alou Curt Flood Alex Johnson Pete Rose Carl Yastrzemski
